<?xml version="1.0" encoding="utf-8" ?><dwsync><file name=".htaccess" server="6ad.311.myftpupload.com" local="3474062548" remote="12092588072" Dst="-1" /><file name="font_explorer.html" server="6ad.311.myftpupload.com" local="3474062548" remote="12092588072" Dst="-1" /><file name="font_info.php" server="6ad.311.myftpupload.com" local="3474062548" remote="12092588072" Dst="-1" /><file name="font_list.php" server="6ad.311.myftpupload.com" local="3474062548" remote="12092588072" Dst="-1" /><file name="header.html" server="6ad.311.myftpupload.com" local="3474062548" remote="12092588072" Dst="-1" /><file name="index.php" server="6ad.311.myftpupload.com" local="3474062548" remote="12092588072" Dst="-1" /><file name="make_subset.php" server="6ad.311.myftpupload.com" local="3474062548" remote="12092588072" Dst="-1" /><file name="readme.html" server="6ad.311.myftpupload.com" local="3474062548" remote="12092588072" Dst="-1" /><file name="test.php" server="6ad.311.myftpupload.com" local="3474062548" remote="12092588072" Dst="-1" /></dwsync>