<?xml version="1.0" encoding="utf-8" ?><dwsync><file name="arrow_01.gif" server="6ad.311.myftpupload.com" local="3484386874" remote="12092588132" Dst="-1" /><file name="arrow_02.gif" server="6ad.311.myftpupload.com" local="3484386874" remote="12092588132" Dst="-1" /><file name="arrow_05.gif" server="6ad.311.myftpupload.com" local="3484386874" remote="12092588132" Dst="-1" /><file name="arrow_04.gif" server="6ad.311.myftpupload.com" local="3484386874" remote="12092588132" Dst="-1" /><file name="arrow_03.gif" server="6ad.311.myftpupload.com" local="3484386874" remote="12092588132" Dst="-1" /><file name="arrow_06.gif" server="6ad.311.myftpupload.com" local="3484386874" remote="12092588132" Dst="-1" /><file name="css2.png" server="6ad.311.myftpupload.com" local="3484386874" remote="12092588132" Dst="-1" /><file name="dompdf_simple.png" server="6ad.311.myftpupload.com" local="3484386874" remote="12092588132" Dst="-1" /><file name="favicon.ico" server="6ad.311.myftpupload.com" local="3484386874" remote="12092588132" Dst="-1" /><file name="favicon.png" server="6ad.311.myftpupload.com" local="3484386874" remote="12092588132" Dst="-1" /><file name="h_bar.gif" server="6ad.311.myftpupload.com" local="3484386874" remote="12092588132" Dst="-1" /><file name="left_arrow.gif" server="6ad.311.myftpupload.com" local="3484386874" remote="12092588132" Dst="-1" /><file name="logo.png" server="6ad.311.myftpupload.com" local="3484386874" remote="12092588132" Dst="-1" /><file name="logo.xcf" server="6ad.311.myftpupload.com" local="3484386874" remote="12092588132" Dst="-1" /><file name="php5-power-micro.png" server="6ad.311.myftpupload.com" local="3484386874" remote="12092588132" Dst="-1" /><file name="small_logo.png" server="6ad.311.myftpupload.com" local="3484386874" remote="12092588132" Dst="-1" /><file name="star_01.gif" server="6ad.311.myftpupload.com" local="3484386874" remote="12092588132" Dst="-1" /><file name="star_02.gif" server="6ad.311.myftpupload.com" local="3484386874" remote="12092588132" Dst="-1" /><file name="star_03.gif" server="6ad.311.myftpupload.com" local="3484386874" remote="12092588132" Dst="-1" /><file name="star_04.gif" server="6ad.311.myftpupload.com" local="3484386874" remote="12092588132" Dst="-1" /><file name="star_05.gif" server="6ad.311.myftpupload.com" local="3484386874" remote="12092588132" Dst="-1" /><file name="title.gif" server="6ad.311.myftpupload.com" local="3484386874" remote="12092588132" Dst="-1" /><file name="v_bar.gif" server="6ad.311.myftpupload.com" local="3484386874" remote="12092588132" Dst="-1" /><file name="xhtml10.png" server="6ad.311.myftpupload.com" local="3484386874" remote="12092588132" Dst="-1" /></dwsync>