<?xml version="1.0" encoding="utf-8" ?><dwsync><file name="absolute_positioner.cls.php" server="6ad.311.myftpupload.com" local="3484386874" remote="12092587652" Dst="-1" /><file name="abstract_renderer.cls.php" server="6ad.311.myftpupload.com" local="3484386874" remote="12092587652" Dst="-1" /><file name="attribute_translator.cls.php" server="6ad.311.myftpupload.com" local="3484386874" remote="12092587652" Dst="-1" /><file name="autoload.inc.php" server="6ad.311.myftpupload.com" local="3484386874" remote="12092587652" Dst="-1" /><file name="block_frame_decorator.cls.php" server="6ad.311.myftpupload.com" local="3484386874" remote="12092587652" Dst="-1" /><file name="block_positioner.cls.php" server="6ad.311.myftpupload.com" local="3484386874" remote="12092587652" Dst="-1" /><file name="block_frame_reflower.cls.php" server="6ad.311.myftpupload.com" local="3484386874" remote="12092587652" Dst="-1" /><file name="block_renderer.cls.php" server="6ad.311.myftpupload.com" local="3484386874" remote="12092587652" Dst="-1" /><file name="cached_pdf_decorator.cls.php" server="6ad.311.myftpupload.com" local="3484386874" remote="12092587652" Dst="-1" /><file name="canvas.cls.php" server="6ad.311.myftpupload.com" local="3484386874" remote="12092587652" Dst="-1" /><file name="canvas_factory.cls.php" server="6ad.311.myftpupload.com" local="3484386874" remote="12092587652" Dst="-1" /><file name="cellmap.cls.php" server="6ad.311.myftpupload.com" local="3484386874" remote="12092587652" Dst="-1" /><file name="css_color.cls.php" server="6ad.311.myftpupload.com" local="3484386874" remote="12092587652" Dst="-1" /><file name="cpdf_adapter.cls.php" server="6ad.311.myftpupload.com" local="3484386874" remote="12092587652" Dst="-1" /><file name="dompdf.cls.php" server="6ad.311.myftpupload.com" local="3484386874" remote="12092587652" Dst="-1" /><file name="dompdf_exception.cls.php" server="6ad.311.myftpupload.com" local="3484386874" remote="12092587652" Dst="-1" /><file name="dompdf_image_exception.cls.php" server="6ad.311.myftpupload.com" local="3484386874" remote="12092587652" Dst="-1" /><file name="file.skel" server="6ad.311.myftpupload.com" local="3484386874" remote="12092587652" Dst="-1" /><file name="fixed_positioner.cls.php" server="6ad.311.myftpupload.com" local="3484386874" remote="12092587652" Dst="-1" /><file name="font_metrics.cls.php" server="6ad.311.myftpupload.com" local="3484386874" remote="12092587652" Dst="-1" /><file name="frame.cls.php" server="6ad.311.myftpupload.com" local="3484386874" remote="12092587652" Dst="-1" /><file name="frame_decorator.cls.php" server="6ad.311.myftpupload.com" local="3484386874" remote="12092587652" Dst="-1" /><file name="frame_factory.cls.php" server="6ad.311.myftpupload.com" local="3484386874" remote="12092587652" Dst="-1" /><file name="frame_reflower.cls.php" server="6ad.311.myftpupload.com" local="3484386874" remote="12092587652" Dst="-1" /><file name="frame_tree.cls.php" server="6ad.311.myftpupload.com" local="3484386874" remote="12092587652" Dst="-1" /><file name="functions.inc.php" server="6ad.311.myftpupload.com" local="3484386874" remote="12092587652" Dst="-1" /><file name="gd_adapter.cls.php" server="6ad.311.myftpupload.com" local="3484386874" remote="12092587652" Dst="-1" /><file name="image_cache.cls.php" server="6ad.311.myftpupload.com" local="3484386874" remote="12092587652" Dst="-1" /><file name="image_frame_decorator.cls.php" server="6ad.311.myftpupload.com" local="3484386874" remote="12092587652" Dst="-1" /><file name="image_frame_reflower.cls.php" server="6ad.311.myftpupload.com" local="3484386874" remote="12092587652" Dst="-1" /><file name="image_renderer.cls.php" server="6ad.311.myftpupload.com" local="3484386874" remote="12092587652" Dst="-1" /><file name="inline_frame_decorator.cls.php" server="6ad.311.myftpupload.com" local="3484386874" remote="12092587652" Dst="-1" /><file name="inline_frame_reflower.cls.php" server="6ad.311.myftpupload.com" local="3484386874" remote="12092587652" Dst="-1" /><file name="inline_positioner.cls.php" server="6ad.311.myftpupload.com" local="3484386874" remote="12092587652" Dst="-1" /><file name="inline_renderer.cls.php" server="6ad.311.myftpupload.com" local="3484386874" remote="12092587652" Dst="-1" /><file name="javascript_embedder.cls.php" server="6ad.311.myftpupload.com" local="3484386874" remote="12092587652" Dst="-1" /><file name="line_box.cls.php" server="6ad.311.myftpupload.com" local="3484386874" remote="12092587652" Dst="-1" /><file name="list_bullet_frame_decorator.cls.php" server="6ad.311.myftpupload.com" local="3484386874" remote="12092587652" Dst="-1" /><file name="list_bullet_frame_reflower.cls.php" server="6ad.311.myftpupload.com" local="3484386874" remote="12092587652" Dst="-1" /><file name="list_bullet_image_frame_decorator.cls.php" server="6ad.311.myftpupload.com" local="3484386874" remote="12092587652" Dst="-1" /><file name="list_bullet_positioner.cls.php" server="6ad.311.myftpupload.com" local="3484386874" remote="12092587652" Dst="-1" /><file name="list_bullet_renderer.cls.php" server="6ad.311.myftpupload.com" local="3484386874" remote="12092587652" Dst="-1" /><file name="null_frame_decorator.cls.php" server="6ad.311.myftpupload.com" local="3484386874" remote="12092587652" Dst="-1" /><file name="null_frame_reflower.cls.php" server="6ad.311.myftpupload.com" local="3484386874" remote="12092587652" Dst="-1" /><file name="null_positioner.cls.php" server="6ad.311.myftpupload.com" local="3484386874" remote="12092587652" Dst="-1" /><file name="page_cache.cls.php" server="6ad.311.myftpupload.com" local="3484386874" remote="12092587652" Dst="-1" /><file name="page_frame_decorator.cls.php" server="6ad.311.myftpupload.com" local="3484386874" remote="12092587652" Dst="-1" /><file name="page_frame_reflower.cls.php" server="6ad.311.myftpupload.com" local="3484386874" remote="12092587652" Dst="-1" /><file name="pdflib_adapter.cls.php" server="6ad.311.myftpupload.com" local="3484386874" remote="12092587652" Dst="-1" /><file name="php_evaluator.cls.php" server="6ad.311.myftpupload.com" local="3484386874" remote="12092587652" Dst="-1" /><file name="positioner.cls.php" server="6ad.311.myftpupload.com" local="3484386874" remote="12092587652" Dst="-1" /><file name="renderer.cls.php" server="6ad.311.myftpupload.com" local="3484386874" remote="12092587652" Dst="-1" /><file name="table_cell_frame_decorator.cls.php" server="6ad.311.myftpupload.com" local="3484386874" remote="12092587712" Dst="-1" /><file name="stylesheet.cls.php" server="6ad.311.myftpupload.com" local="3484386874" remote="12092587712" Dst="-1" /><file name="style.cls.php" server="6ad.311.myftpupload.com" local="3484386874" remote="12092587712" Dst="-1" /><file name="table_cell_frame_reflower.cls.php" server="6ad.311.myftpupload.com" local="3484386874" remote="12092587712" Dst="-1" /><file name="table_cell_positioner.cls.php" server="6ad.311.myftpupload.com" local="3484386874" remote="12092587712" Dst="-1" /><file name="table_cell_renderer.cls.php" server="6ad.311.myftpupload.com" local="3484386874" remote="12092587712" Dst="-1" /><file name="table_frame_decorator.cls.php" server="6ad.311.myftpupload.com" local="3484386874" remote="12092587712" Dst="-1" /><file name="table_frame_reflower.cls.php" server="6ad.311.myftpupload.com" local="3484386874" remote="12092587712" Dst="-1" /><file name="table_row_frame_decorator.cls.php" server="6ad.311.myftpupload.com" local="3484386874" remote="12092587712" Dst="-1" /><file name="table_row_frame_reflower.cls.php" server="6ad.311.myftpupload.com" local="3484386874" remote="12092587712" Dst="-1" /><file name="table_row_group_frame_decorator.cls.php" server="6ad.311.myftpupload.com" local="3484386874" remote="12092587712" Dst="-1" /><file name="table_row_group_frame_reflower.cls.php" server="6ad.311.myftpupload.com" local="3484386874" remote="12092587712" Dst="-1" /><file name="table_row_group_renderer.cls.php" server="6ad.311.myftpupload.com" local="3484386874" remote="12092587712" Dst="-1" /><file name="table_row_positioner.cls.php" server="6ad.311.myftpupload.com" local="3484386874" remote="12092587712" Dst="-1" /><file name="tcpdf_adapter.cls.php" server="6ad.311.myftpupload.com" local="3484386874" remote="12092587712" Dst="-1" /><file name="text_frame_decorator.cls.php" server="6ad.311.myftpupload.com" local="3484386874" remote="12092587712" Dst="-1" /><file name="text_frame_reflower.cls.php" server="6ad.311.myftpupload.com" local="3484386874" remote="12092587712" Dst="-1" /><file name="text_renderer.cls.php" server="6ad.311.myftpupload.com" local="3484386874" remote="12092587712" Dst="-1" /></dwsync>