<?xml version="1.0" encoding="utf-8" ?><dwsync><file name=".gitattributes" server="6ad.311.myftpupload.com" local="3484386874" remote="12092587652" Dst="-1" /><file name=".gitmodules" server="6ad.311.myftpupload.com" local="3484386874" remote="12092587652" Dst="-1" /><file name=".gitignore" server="6ad.311.myftpupload.com" local="3484386874" remote="12092587652" Dst="-1" /><file name="CONTRIBUTING.md" server="6ad.311.myftpupload.com" local="3484386874" remote="12092587652" Dst="-1" /><file name="composer.json" server="6ad.311.myftpupload.com" local="3484386874" remote="12092587652" Dst="-1" /><file name="dompdf.php" server="6ad.311.myftpupload.com" local="3484386874" remote="12092587652" Dst="-1" /><file name="dompdf_config.custom.inc.php" server="6ad.311.myftpupload.com" local="3484386874" remote="12092587652" Dst="-1" /><file name="dompdf_config.inc.php" server="6ad.311.myftpupload.com" local="3484386874" remote="12092587652" Dst="-1" /><file name="index.php" server="6ad.311.myftpupload.com" local="3484386874" remote="12092587712" Dst="-1" /><file name="LICENSE.LGPL" server="6ad.311.myftpupload.com" local="3484386874" remote="12092588072" Dst="-1" /><file name="load_font.php" server="6ad.311.myftpupload.com" local="3484386874" remote="12092588072" Dst="-1" /><file name="README.md" server="6ad.311.myftpupload.com" local="3484386874" remote="12092588072" Dst="-1" /></dwsync>